CREATE TABLE t1 (inc INT);
INSERT INTO t1 VALUES (0);
SELECT * FROM t1;
inc
0
CREATE TRIGGER startup_trg AFTER STARTUP DO UPDATE test.t1 SET inc = inc + 1;
# restart
SELECT * FROM t1;
inc
1
DROP TABLE t1;
DROP EVENT startup_trg;
